<?xml version="1.0" encoding="UTF-8"?>
<!DOCTYPE module PUBLIC "-//Google Inc.//DTD Google Web Toolkit 2.5.0//EN"
  "http://google-web-toolkit.googlecode.com/svn/tags/2.5.0/distro-source/core/src/gwt-module.dtd">
<module rename-to="MobileActivePivotLive">
	<!-- This will exclude desktop classes -->
	<source path='mobile' />

	<!-- Inherit core mobile module -->
	<inherits name="com.quartetfs.pivot.live.MobileActivePivotLive" />

	<!-- Add Development properties -->
	<inherits name='com.quartetfs.pivot.live.dev.Debug' />

	<!-- Enable remote logging -->
	<set-property name="gwt.logging.logLevel" value="FINE" />
	<set-property name="gwt.logging.simpleRemoteHandler" value="ENABLED" />

	<set-property name="user.agent" value="safari,gecko1_8" />

	<!-- Tablet emulation on Firefox -->
	<replace-with class="com.quartetfs.pivot.live.client.mobile.impl.TabletEmulation.DesktopImpl">
		<when-type-is class="com.quartetfs.pivot.live.client.mobile.impl.TabletEmulation.Impl" />
		<any>
			<when-property-is name="user.agent" value="gecko1_8" />
		</any>
	</replace-with>
</module>