<?xml version="1.0" encoding="UTF-8"?>
<!DOCTYPE module PUBLIC "-//Google Inc.//DTD Google Web Toolkit 2.5.0//EN"
  "http://google-web-toolkit.googlecode.com/svn/tags/2.5.0/distro-source/core/src/gwt-module.dtd">
<module rename-to="DesktopActivePivotLive">
	<source path='client' />
	<source path='shared' />

	<!-- Inherits the Core application -->
	<inherits name='com.quartetfs.pivot.live.DesktopActivePivotLive' />
	

	<!-- http://support.quartetfs.com/jira/browse/APS-5734 -->
	<add-linker name="xsiframe" />

	<set-property name="gwt.logging.simpleRemoteHandler" value="ENABLED" />

	<!-- Use this handler to see logs directly in the UI -->
	<!-- <set-property name="gwt.logging.popupHandler" value="ENABLED" /> -->
	<set-property name="gwt.logging.popupHandler" value="DISABLED" />

	<!-- Add this application entry point -->
	<entry-point class='blasd.apex.live.client.ApexDesktopActivePivotLive' />

	<!-- Inherits the Core application -->
	<inherits name='blasd.apex.live.datastore.DatastoreViewer' />
</module>
