<?xml version="1.0" encoding="UTF-8"?>
<beans xmlns="http://www.springframework.org/schema/beans" xmlns:xsi="http://www.w3.org/2001/XMLSchema-instance"
	xsi:schemaLocation="http://www.springframework.org/schema/beans http://www.springframework.org/schema/beans/spring-beans-3.0.xsd">


	<!-- <bean abstract="true" id="ADemoServiceFactory" class="com.quartetfs.pivot.live.server.ws.impl.SecuredWebServiceFactory"> -->
	<!-- <property name="address" value="${remoteServer.url}${remoteServer.ws.path}/DemoService" /> -->
	<!-- <property name="allowCompression" value="true" />Set to false to disable compression -->
	<!-- <property name="maintainSession" value="true" />Set to false to disable maintaining the session -->
	<!-- </bean> -->
	<bean abstract="true" id="ADemoServiceFactory" class="com.quartetfs.biz.pivot.server.http.impl.SecuredHTTPServiceFactory">
		<property name="address" value="${remoteServer.url}${remoteServer.remoting.path}/ApexDatastoreService" />
		<property name="retry" value="0" />
	</bean>
	<bean class="com.quartetfs.pivot.live.core.server.service.impl.ServiceRegistryAdder">
		<property name="registry" ref="ServiceRegistry" />
		<property name="factories">
			<map key-type="java.lang.Class">
				<!-- In all cases, we need this Services for Handler defined in demo-commons -->
				<entry key="blasd.apex.shared.datastore.IApexDatastoreService">
					<bean id="ApexDatastoreServiceFactory" class="com.quartetfs.biz.pivot.server.http.impl.SecuredHTTPServiceFactory">
						<property name="serviceClass" value="blasd.apex.shared.datastore.IApexDatastoreService" />
						<property name="address" value="${remoteServer.url}${remoteServer.remoting.path}/ApexDatastore" />

						<!-- Set retry to 0 as we don't wait to wait 3 times the timeout -->
						<property name="retry" value="0" />
					</bean>
				</entry>
			</map>
		</property>
	</bean>

	<bean class="com.quartetfs.pivot.live.core.server.cmd.impl.HandlerRegistryAdder">
		<property name="registry" ref="HandlerRegistry" />
		<property name="handlers">
			<map key-type="java.lang.Class">
				<entry key="blasd.apex.live.datastore.client.action.GetStoreColumnsAction">
					<bean class="blasd.apex.live.datastore.server.handler.GetStoreColumnsHandler" />
				</entry>
				<entry key="blasd.apex.live.datastore.client.action.GetStoreKeysAction">
					<bean class="blasd.apex.live.datastore.server.handler.GetStoreKeysHandler" />
				</entry>
				<entry key="blasd.apex.live.datastore.client.action.GetStoreNamesAction">
					<bean class="blasd.apex.live.datastore.server.handler.GetStoreNamesHandler" />
				</entry>
				<entry key="blasd.apex.live.datastore.client.action.SearchStoreAction">
					<bean class="blasd.apex.live.datastore.server.handler.SearchStoreHandler" />
				</entry>
				<entry key="blasd.apex.live.datastore.client.action.InsertInStoreAction">
					<bean class="blasd.apex.live.datastore.server.handler.InsertInStoreHandler" />
				</entry>
				<entry key="blasd.apex.live.datastore.client.action.UpdateStoreAction">
					<bean class="blasd.apex.live.datastore.server.handler.UpdateStoreHandler" />
				</entry>
			</map>
		</property>
	</bean>
</beans>
