<?xml version="1.0" encoding="UTF-8"?>
<beans xmlns="http://www.springframework.org/schema/beans" xmlns:xsi="http://www.w3.org/2001/XMLSchema-instance" xmlns:util="http://www.springframework.org/schema/util"
	xsi:schemaLocation="http://www.springframework.org/schema/beans http://www.springframework.org/schema/beans/spring-beans-3.1.xsd
	http://www.springframework.org/schema/util http://www.springframework.org/schema/util/spring-util-3.1.xsd
	http://www.springframework.org/schema/task http://www.springframework.org/schema/task/spring-task-3.1.xsd">

	<!-- PROPERTIES -->
	<!-- Application Properties Declaration, to be done before Live Properties Declaration. -->
	<bean id="PropertiesLoader" class="org.springframework.beans.factory.config.PropertyPlaceholderConfigurer">
		<property name="ignoreUnresolvablePlaceholders" value="true" />
		<property name="systemPropertiesModeName" value="SYSTEM_PROPERTIES_MODE_OVERRIDE" />
		<property name="locations">
			<list>
				<!-- The activepivotlive.properties file can be overriden in custom configurations. -->
				<!-- One can also define additional files for custom properties or override of core properties. -->
				<value>classpath:activepivotlive.properties</value>
			</list>
		</property>
	</bean>

	<!-- Reactivate when using javaConfig -->
	<!-- <bean class="blasd.apex.shared.logging.memory.JvmMemoryReporter"> -->
	<!-- Check every second if something is wrong -->
	<!-- <property name="reportingDelayInSecond" value="1" /> -->
	<!-- </bean> -->

	<!-- Live Properties Declaration -->
	<import resource="classpath:LivePropertiesLoader.xml" />

	<!-- Initialize the composer registry -->
	<import resource="classpath:RegistryInitializer.xml" />

	<!-- CORE -->
	<!-- Setup the all the core components. This will initialize: - The session manager, - The service registry, - The help mechanism -->
	<import resource="classpath:Core.xml" />

	<!-- CONTENT -->
	<!-- Initialize the content group service. This is expected to be customized. It will map users to groups and entitlements. -->
	<import resource="classpath:SPRING-INF/ContentGroupService.xml" />
	<!-- Initialize the content modules. It will use the aforementioned content group service and the session manager. -->
	<import resource="classpath:Content.xml" />

	<!-- PIVOT REMOTING SERVICES -->
	<import resource="classpath:PivotServices-HTTP.xml" />

	<!-- COMPONENTS -->
	<import resource="classpath:Components.xml" />

	<!-- Custom Spring Injection Insert a reference to your custom beans declaration XML from Custom.xml -->
	<import resource="classpath:SPRING-INF/Custom.xml" />

	<!-- Spring Security Configuration Adapt Spring security to your security model from Security.xml -->
	<import resource="classpath:SPRING-INF/Security.xml" />

</beans>