<?xml version="1.0" encoding="UTF-8"?>

<beans xmlns="http://www.springframework.org/schema/beans" xmlns:security="http://www.springframework.org/schema/security" xmlns:xsi="http://www.w3.org/2001/XMLSchema-instance"
	xsi:schemaLocation="http://www.springframework.org/schema/beans http://www.springframework.org/schema/beans/spring-beans-3.2.xsd
						http://www.springframework.org/schema/security http://www.springframework.org/schema/security/spring-security-3.2.xsd">

	<!-- Simple user/password mapping defined with Spring Security facility -->
	<security:authentication-manager erase-credentials="false">
		<security:authentication-provider>
			<security:user-service id="UserDetailsService">
				<security:user name="admin" password="admin" authorities="ROLE_USER, ROLE_ADMIN" />
				<security:user name="user1" password="user1" authorities="ROLE_USER" />
				<security:user name="user2" password="user2" authorities="ROLE_USER, ROLE_HIDE_WIZARD" />
			</security:user-service>
		</security:authentication-provider>
	</security:authentication-manager>

</beans>