<?xml version="1.0" encoding="UTF-8"?>

<beans xmlns="http://www.springframework.org/schema/beans" xmlns:security="http://www.springframework.org/schema/security" xmlns:xsi="http://www.w3.org/2001/XMLSchema-instance"
	xsi:schemaLocation="http://www.springframework.org/schema/beans http://www.springframework.org/schema/beans/spring-beans-3.2.xsd
						http://www.springframework.org/schema/security http://www.springframework.org/schema/security/spring-security-3.2.xsd">

	<security:authentication-manager>
		<security:authentication-provider ref="AcceptAnybodyAuthProv" />
	</security:authentication-manager>

	<bean id="AcceptAnybodyAuthProv" class="com.quartetfs.biz.pivot.security.impl.AcceptAnybodyAuthenticationProvider">
		<property name="roles">
			<list>
				<value>ROLE_USER</value>
			</list>
		</property>
	</bean>

</beans>