<?xml version="1.0" encoding="UTF-8"?>
<!DOCTYPE beans PUBLIC "-//SPRING//DTD BEAN//EN" "http://www.springframework.org/dtd/spring-beans-2.0.dtd">

<beans default-lazy-init="false">

	<!-- Setup the Static Group Service for Access Control -->
	<bean id="ContentGroupService" class="com.quartetfs.pivot.live.content.auth.impl.StaticGroupService">
		<property name="roleGroups">
			<map>
				<entry>
					<key>
						<value>ROLE_USER</value>
					</key>
					<map>
						<entry key="public" value="READ" />
					</map>
				</entry>
				<entry>
					<key>
						<value>ROLE_ADMIN</value>
					</key>
					<map>
						<entry key="public" value="ALL" />
						<entry key="admin" value="ALL" />
					</map>
				</entry>
			</map>
		</property>
	</bean>

</beans>
