<?xml version="1.0" encoding="UTF-8"?>
<beans xmlns="http://www.springframework.org/schema/beans" xmlns:xsi="http://www.w3.org/2001/XMLSchema-instance" xmlns:util="http://www.springframework.org/schema/util"
	xsi:schemaLocation="http://www.springframework.org/schema/beans http://www.springframework.org/schema/beans/spring-beans-3.1.xsd
	http://www.springframework.org/schema/util http://www.springframework.org/schema/util/spring-util-3.1.xsd">

	<bean class="org.springframework.beans.factory.config.MethodInvokingFactoryBean">
		<property name="targetObject" ref="SettingInitializer" />
		<property name="targetMethod" value="addPackages" />
		<property name="arguments">
			<list>
				<value>blasd.ape.live</value>
			</list>
		</property>
	</bean>

	<bean id="SettingsManagerAdder" class="com.quartetfs.pivot.live.server.setting.impl.XmlDefaultSettingsManagerAdder">
		<property name="defaultSettingsManager" ref="DefaultSettingsManager" />
		<property name="xmlDefaultSettings">
			<list>
				<value>DefaultSettings.xml</value>
			</list>
		</property>
		<property name="xmlDefaultSettingsByRole">
			<map>
				<entry key="ROLE_ADMIN">
					<list>
						<value>AdminSettings.xml</value>
					</list>
				</entry>
			</map>
		</property>
	</bean>

	<import resource="classpath:SPRING-INF/DatastoreViewer_Handler.xml" />
</beans>
