<?xml version="1.0" encoding="UTF-8"?>

<beans xmlns="http://www.springframework.org/schema/beans" xmlns:security="http://www.springframework.org/schema/security" xmlns:xsi="http://www.w3.org/2001/XMLSchema-instance"
	xsi:schemaLocation="http://www.springframework.org/schema/beans http://www.springframework.org/schema/beans/spring-beans-3.2.xsd
						http://www.springframework.org/schema/security http://www.springframework.org/schema/security/spring-security-3.2.xsd">

	<!-- Spring Security setup -->
	<security:global-method-security secured-annotations="enabled" jsr250-annotations="disabled" />

	<!-- Authentication (Spring Security) We define that only users granted with ROLE_USER can connect -->

	<!-- Clear access to root directory items (/login.jsp, favicon.ico, ...) -->
	<security:http pattern="/login.jsp*" security="none" />
	<security:http pattern="/resources/**" security="none" />

	<security:http auto-config="false" disable-url-rewriting="true">
		<!-- Protects All other accesses -->
		<security:intercept-url pattern="/**" access="ROLE_USER" />

		<!-- Filters -->
		<security:custom-filter position="FIRST" ref="ControlCacheFilter" />
		<security:custom-filter position="BASIC_AUTH_FILTER" ref="digestFilter" />

		<!-- Custom Login Page -->
		<security:form-login login-page="/login.jsp" authentication-failure-url="/login.jsp?authfailed=true" default-target-url="/ActivePivotLive.html" />
		<security:logout success-handler-ref="LogoutSuccessHandler" />

		<!-- Spring Security Options -->
		<security:remember-me />
	</security:http>

	<!-- Authentication Manager -->
	<import resource="classpath:SPRING-INF/AuthenticationDefault.xml" />

	<bean id="LogoutSuccessHandler" class="com.quartetfs.pivot.live.server.spring.impl.FullLogoutSuccessHandler">
		<property name="defaultTargetUrl" value="/ActivePivotLive.html" />
	</bean>

	<bean id="ControlCacheFilter" class="com.quartetfs.pivot.live.server.spring.impl.ControlCacheFilter">
		<property name="disableCache" value="false" />
	</bean>

	<!-- HTTP Digest authentication configuration (filter and authentication entry point) -->
	<bean name="digestFilter" class="org.springframework.security.web.authentication.www.DigestAuthenticationFilter">
		<property name="userDetailsService" ref="UserDetailsService" />
		<property name="authenticationEntryPoint" ref="digestProcessingFilterEntryPoint" />
	</bean>
	<bean name="digestProcessingFilterEntryPoint" class="org.springframework.security.web.authentication.www.DigestAuthenticationEntryPoint">
		<property name="realmName" value="ActivePivot Realm" />
		<property name="key" value="acegi" />
		<property name="nonceValiditySeconds" value="10" />
	</bean>

</beans>