<?xml version="1.0" encoding="UTF-8"?>
<!DOCTYPE module PUBLIC "-//Google Inc.//DTD Google Web Toolkit 2.5.1//EN" 
"http://google-web-toolkit.googlecode.com/svn/tags/2.5.1/distro-source/core/src/gwt-module.dtd">
<module rename-to="DesktopActivePivotLive">
	<!-- Inherit the release module (as named in the sandbox) -->
	<inherits name='com.quartetfs.pivot.live.sandbox.ActivePivotLive' />

	<!-- A single permutation for all browsers: much faster to compile -->
	<!-- Activation in maven: -->
	<!-- <profile> -->
	<!-- <properties> -->
	<!-- <gwt.style>PRETTY</gwt.style> -->
	<!-- <gwt.draftCompile>true</gwt.draftCompile> -->
	<!-- <gwt.module>com.quartetfs.pivot.live.sandbox.DraftActivePivotLive</gwt.module> -->
	<!-- </properties> -->
	<!-- </profile> -->
	<collapse-all-properties />
</module>